c,jfi,rogue_ms
1,0.999900,878.000000
2,0.999897,876.000000
3,0.999797,853.000000
4,0.999910,899.000000
5,0.999611,851.000000
6,0.999805,879.000000
7,0.999794,870.000000
8,0.999782,835.000000
9,0.999800,843.000000
10,0.999483,852.000000
11,0.999865,865.000000
12,0.999955,874.000000
13,0.999857,878.000000
14,0.999912,868.000000
15,0.999960,870.000000
16,0.999751,842.000000
17,0.999721,881.000000
18,0.999873,873.000000
19,0.999884,871.000000
20,0.999895,878.000000
