c,jfi,rogue_ms
1,1.000000,4103.000000
2,0.999999,4069.000000
3,0.979307,2718.000000
4,0.931531,2046.000000
5,0.869850,1646.000000
6,0.806384,1381.000000
7,0.739142,1185.000000
8,0.684031,1039.000000
9,0.637125,942.000000
10,0.587493,841.000000
11,0.553112,775.000000
12,0.506506,692.000000
13,0.485339,657.000000
14,0.472040,631.000000
15,0.435732,576.000000
16,0.405368,528.000000
17,0.383021,494.000000
18,0.386583,495.000000
19,0.357862,449.000000
20,0.357300,450.000000
